<?xml version="1.0" encoding="UTF-8"?>
<lido:lidoWrap lido:relatedencoding="" xmlns:gml="http://www.opengis.net/gml" xmlns:lido="http://www.lido-schema.org" xmlns:xlink="http://www.w3.org/1999/xlink" xmlns:xml="http://www.w3.org/XML/1998/namespace" xmlns:xsi="http://www.w3.org/2001/XMLSchema-instance" xsi:schemaLocation="http://www.lido-schema.org lido-v1.0.xsd ">
  <lido:lido lido:relatedencoding="" lido:sortorder="0">
    <lido:lidoRecID lido:encodinganalog="" lido:label="" lido:pref="" lido:source="" lido:type="">lido:lidoRecID</lido:lidoRecID>
    <lido:objectPublishedID lido:encodinganalog="" lido:label="" lido:pref="" lido:source="" lido:type="">lido:objectPublishedID</lido:objectPublishedID>
    <lido:category>
      <lido:conceptID lido:encodinganalog="" lido:label="" lido:pref="" lido:source="" lido:type="">lido:conceptID</lido:conceptID>
      <lido:term lido:addedSearchTerm="yes" lido:encodinganalog="" lido:label="" lido:lang="EN" lido:pref="">lido:term</lido:term>
    </lido:category>
    <lido:descriptiveMetadata lido:lang="EN">
      <lido:objectClassificationWrap>
        <lido:objectWorkTypeWrap>
          <lido:objectWorkType lido:sortorder="0" lido:type="">
            <lido:conceptID lido:encodinganalog="" lido:label="" lido:pref="" lido:source="" lido:type="">lido:conceptID</lido:conceptID>
            <lido:term lido:addedSearchTerm="yes" lido:encodinganalog="" lido:label="" lido:lang="EN" lido:pref="">lido:term</lido:term>
          </lido:objectWorkType>
        </lido:objectWorkTypeWrap>
        <lido:classificationWrap>
          <lido:classification lido:sortorder="0" lido:type="">
            <lido:conceptID lido:encodinganalog="" lido:label="" lido:pref="" lido:source="" lido:type="">lido:conceptID</lido:conceptID>
            <lido:term lido:addedSearchTerm="yes" lido:encodinganalog="" lido:label="" lido:lang="EN" lido:pref="">lido:term</lido:term>
          </lido:classification>
        </lido:classificationWrap>
      </lido:objectClassificationWrap>
      <lido:objectIdentificationWrap>
        <lido:titleWrap>
          <lido:titleSet lido:sortorder="0" lido:type="">
            <lido:appellationValue lido:encodinganalog="" lido:label="" lido:lang="EN" lido:pref="">lido:appellationValue</lido:appellationValue>
            <lido:sourceAppellation lido:encodinganalog="" lido:label="" lido:lang="EN">lido:sourceAppellation</lido:sourceAppellation>
          </lido:titleSet>
        </lido:titleWrap>
        <lido:inscriptionsWrap>
          <lido:inscriptions lido:sortorder="0" lido:type="">
            <lido:inscriptionTranscription lido:encodinganalog="" lido:label="" lido:lang="EN">lido:inscriptionTranscription</lido:inscriptionTranscription>
            <lido:inscriptionDescription lido:sortorder="0" lido:type="">
              <lido:descriptiveNoteID lido:encodinganalog="" lido:label="" lido:pref="" lido:source="" lido:type="">lido:descriptiveNoteID</lido:descriptiveNoteID>
              <lido:descriptiveNoteValue lido:encodinganalog="" lido:label="" lido:lang="EN">lido:descriptiveNoteValue</lido:descriptiveNoteValue>
              <lido:sourceDescriptiveNote lido:encodinganalog="" lido:label="" lido:lang="EN">lido:sourceDescriptiveNote</lido:sourceDescriptiveNote>
            </lido:inscriptionDescription>
          </lido:inscriptions>
        </lido:inscriptionsWrap>
        <lido:repositoryWrap>
          <lido:repositorySet lido:sortorder="0" lido:type="">
            <lido:repositoryName>
              <lido:legalBodyID lido:encodinganalog="" lido:label="" lido:pref="" lido:source="" lido:type="">lido:legalBodyID</lido:legalBodyID>
              <lido:legalBodyName>
                <lido:appellationValue lido:encodinganalog="" lido:label="" lido:lang="EN" lido:pref="">lido:appellationValue</lido:appellationValue>
                <lido:sourceAppellation lido:encodinganalog="" lido:label="" lido:lang="EN">lido:sourceAppellation</lido:sourceAppellation>
              </lido:legalBodyName>
              <lido:legalBodyWeblink lido:encodinganalog="" lido:formatResource="" lido:label="" lido:lang="EN" lido:pref="">lido:legalBodyWeblink</lido:legalBodyWeblink>
            </lido:repositoryName>
            <lido:workID lido:encodinganalog="" lido:label="" lido:sortorder="0" lido:type="">lido:workID</lido:workID>
            <lido:repositoryLocation lido:geographicalEntity="" lido:politicalEntity="">
              <lido:placeID lido:encodinganalog="" lido:label="" lido:pref="" lido:source="" lido:type="">lido:placeID</lido:placeID>
              <lido:namePlaceSet>
                <lido:appellationValue lido:encodinganalog="" lido:label="" lido:lang="EN" lido:pref="">lido:appellationValue</lido:appellationValue>
                <lido:sourceAppellation lido:encodinganalog="" lido:label="" lido:lang="EN">lido:sourceAppellation</lido:sourceAppellation>
              </lido:namePlaceSet>
              <lido:gml lido:lang="EN">
                <gml:Point axisLabels="" gid="" gml:id="idvalue0" srsDimension="1" srsName="http://tempuri.org" uomLabels="">
                  <gml:metaDataProperty about="http://tempuri.org" gml:remoteSchema="http://tempuri.org" xlink:actuate="onLoad" xlink:arcrole="http://tempuri.org" xlink:href="http://tempuri.org" xlink:role="http://tempuri.org" xlink:show="new" xlink:title="" xlink:type="simple">
                    <gml:name codeSpace="http://tempuri.org">gml:name</gml:name>
                  </gml:metaDataProperty>
                  <gml:description gml:remoteSchema="http://tempuri.org" xlink:actuate="onLoad" xlink:arcrole="http://tempuri.org" xlink:href="http://tempuri.org" xlink:role="http://tempuri.org" xlink:show="new" xlink:title="" xlink:type="simple">gml:description</gml:description>
                  <gml:name codeSpace="http://tempuri.org">gml:name</gml:name>
                  <gml:pos axisLabels="" srsDimension="1" srsName="http://tempuri.org" uomLabels="">gml:pos</gml:pos>
                </gml:Point>
                <gml:LineString axisLabels="" gid="" gml:id="idvalue1" srsDimension="1" srsName="http://tempuri.org" uomLabels="">
                  <gml:metaDataProperty about="http://tempuri.org" gml:remoteSchema="http://tempuri.org" xlink:actuate="onLoad" xlink:arcrole="http://tempuri.org" xlink:href="http://tempuri.org" xlink:role="http://tempuri.org" xlink:show="new" xlink:title="" xlink:type="simple">
                    <gml:name codeSpace="http://tempuri.org">gml:name</gml:name>
                  </gml:metaDataProperty>
                  <gml:description gml:remoteSchema="http://tempuri.org" xlink:actuate="onLoad" xlink:arcrole="http://tempuri.org" xlink:href="http://tempuri.org" xlink:role="http://tempuri.org" xlink:show="new" xlink:title="" xlink:type="simple">gml:description</gml:description>
                  <gml:name codeSpace="http://tempuri.org">gml:name</gml:name>
                  <gml:pos axisLabels="" srsDimension="1" srsName="http://tempuri.org" uomLabels="">gml:pos</gml:pos>
                  <gml:pos axisLabels="" srsDimension="1" srsName="http://tempuri.org" uomLabels="">gml:pos</gml:pos>
                  <gml:pos axisLabels="" srsDimension="1" srsName="http://tempuri.org" uomLabels="">gml:pos</gml:pos>
                  <gml:pos axisLabels="" srsDimension="1" srsName="http://tempuri.org" uomLabels="">gml:pos</gml:pos>
                </gml:LineString>
                <gml:Polygon axisLabels="" gid="" gml:id="idvalue2" srsDimension="1" srsName="http://tempuri.org" uomLabels="">
                  <gml:metaDataProperty about="http://tempuri.org" gml:remoteSchema="http://tempuri.org" xlink:actuate="onLoad" xlink:arcrole="http://tempuri.org" xlink:href="http://tempuri.org" xlink:role="http://tempuri.org" xlink:show="new" xlink:title="" xlink:type="simple">
                    <gml:name codeSpace="http://tempuri.org">gml:name</gml:name>
                  </gml:metaDataProperty>
                  <gml:description gml:remoteSchema="http://tempuri.org" xlink:actuate="onLoad" xlink:arcrole="http://tempuri.org" xlink:href="http://tempuri.org" xlink:role="http://tempuri.org" xlink:show="new" xlink:title="" xlink:type="simple">gml:description</gml:description>
                  <gml:name codeSpace="http://tempuri.org">gml:name</gml:name>
                  <gml:exterior>
                    <gml:LinearRing axisLabels="" gid="" gml:id="idvalue3" srsDimension="1" srsName="http://tempuri.org" uomLabels="">
                      <gml:metaDataProperty about="http://tempuri.org" gml:remoteSchema="http://tempuri.org" xlink:actuate="onLoad" xlink:arcrole="http://tempuri.org" xlink:href="http://tempuri.org" xlink:role="http://tempuri.org" xlink:show="new" xlink:title="" xlink:type="simple">
                        <gml:name codeSpace="http://tempuri.org">gml:name</gml:name>
                      </gml:metaDataProperty>
                      <gml:description gml:remoteSchema="http://tempuri.org" xlink:actuate="onLoad" xlink:arcrole="http://tempuri.org" xlink:href="http://tempuri.org" xlink:role="http://tempuri.org" xlink:show="new" xlink:title="" xlink:type="simple">gml:description</gml:description>
                      <gml:name codeSpace="http://tempuri.org">gml:name</gml:name>
                      <gml:pos axisLabels="" srsDimension="1" srsName="http://tempuri.org" uomLabels="">gml:pos</gml:pos>
                      <gml:pos axisLabels="" srsDimension="1" srsName="http://tempuri.org" uomLabels="">gml:pos</gml:pos>
                      <gml:pos axisLabels="" srsDimension="1" srsName="http://tempuri.org" uomLabels="">gml:pos</gml:pos>
                      <gml:pos axisLabels="" srsDimension="1" srsName="http://tempuri.org" uomLabels="">gml:pos</gml:pos>
                      <gml:pos axisLabels="" srsDimension="1" srsName="http://tempuri.org" uomLabels="">gml:pos</gml:pos>
                      <gml:pos axisLabels="" srsDimension="1" srsName="http://tempuri.org" uomLabels="">gml:pos</gml:pos>
                      <gml:pos axisLabels="" srsDimension="1" srsName="http://tempuri.org" uomLabels="">gml:pos</gml:pos>
                      <gml:pos axisLabels="" srsDimension="1" srsName="http://tempuri.org" uomLabels="">gml:pos</gml:pos>
                      <gml:pos axisLabels="" srsDimension="1" srsName="http://tempuri.org" uomLabels="">gml:pos</gml:pos>
                      <gml:pos axisLabels="" srsDimension="1" srsName="http://tempuri.org" uomLabels="">gml:pos</gml:pos>
                      <gml:pos axisLabels="" srsDimension="1" srsName="http://tempuri.org" uomLabels="">gml:pos</gml:pos>
                      <gml:pos axisLabels="" srsDimension="1" srsName="http://tempuri.org" uomLabels="">gml:pos</gml:pos>
                      <gml:pos axisLabels="" srsDimension="1" srsName="http://tempuri.org" uomLabels="">gml:pos</gml:pos>
                      <gml:pos axisLabels="" srsDimension="1" srsName="http://tempuri.org" uomLabels="">gml:pos</gml:pos>
                      <gml:pos axisLabels="" srsDimension="1" srsName="http://tempuri.org" uomLabels="">gml:pos</gml:pos>
                      <gml:pos axisLabels="" srsDimension="1" srsName="http://tempuri.org" uomLabels="">gml:pos</gml:pos>
                    </gml:LinearRing>
                  </gml:exterior>
                  <gml:interior>
                    <gml:LinearRing axisLabels="" gid="" gml:id="idvalue4" srsDimension="1" srsName="http://tempuri.org" uomLabels="">
                      <gml:metaDataProperty about="http://tempuri.org" gml:remoteSchema="http://tempuri.org" xlink:actuate="onLoad" xlink:arcrole="http://tempuri.org" xlink:href="http://tempuri.org" xlink:role="http://tempuri.org" xlink:show="new" xlink:title="" xlink:type="simple">
                        <gml:name codeSpace="http://tempuri.org">gml:name</gml:name>
                      </gml:metaDataProperty>
                      <gml:description gml:remoteSchema="http://tempuri.org" xlink:actuate="onLoad" xlink:arcrole="http://tempuri.org" xlink:href="http://tempuri.org" xlink:role="http://tempuri.org" xlink:show="new" xlink:title="" xlink:type="simple">gml:description</gml:description>
                      <gml:name codeSpace="http://tempuri.org">gml:name</gml:name>
                      <gml:pos axisLabels="" srsDimension="1" srsName="http://tempuri.org" uomLabels="">gml:pos</gml:pos>
                      <gml:pos axisLabels="" srsDimension="1" srsName="http://tempuri.org" uomLabels="">gml:pos</gml:pos>
                      <gml:pos axisLabels="" srsDimension="1" srsName="http://tempuri.org" uomLabels="">gml:pos</gml:pos>
                      <gml:pos axisLabels="" srsDimension="1" srsName="http://tempuri.org" uomLabels="">gml:pos</gml:pos>
                      <gml:pos axisLabels="" srsDimension="1" srsName="http://tempuri.org" uomLabels="">gml:pos</gml:pos>
                      <gml:pos axisLabels="" srsDimension="1" srsName="http://tempuri.org" uomLabels="">gml:pos</gml:pos>
                      <gml:pos axisLabels="" srsDimension="1" srsName="http://tempuri.org" uomLabels="">gml:pos</gml:pos>
                      <gml:pos axisLabels="" srsDimension="1" srsName="http://tempuri.org" uomLabels="">gml:pos</gml:pos>
                      <gml:pos axisLabels="" srsDimension="1" srsName="http://tempuri.org" uomLabels="">gml:pos</gml:pos>
                      <gml:pos axisLabels="" srsDimension="1" srsName="http://tempuri.org" uomLabels="">gml:pos</gml:pos>
                      <gml:pos axisLabels="" srsDimension="1" srsName="http://tempuri.org" uomLabels="">gml:pos</gml:pos>
                      <gml:pos axisLabels="" srsDimension="1" srsName="http://tempuri.org" uomLabels="">gml:pos</gml:pos>
                      <gml:pos axisLabels="" srsDimension="1" srsName="http://tempuri.org" uomLabels="">gml:pos</gml:pos>
                      <gml:pos axisLabels="" srsDimension="1" srsName="http://tempuri.org" uomLabels="">gml:pos</gml:pos>
                      <gml:pos axisLabels="" srsDimension="1" srsName="http://tempuri.org" uomLabels="">gml:pos</gml:pos>
                      <gml:pos axisLabels="" srsDimension="1" srsName="http://tempuri.org" uomLabels="">gml:pos</gml:pos>
                    </gml:LinearRing>
                  </gml:interior>
                </gml:Polygon>
              </lido:gml>
              <lido:partOfPlace lido:geographicalEntity="" lido:politicalEntity=""/>
              <lido:placeClassification lido:type="">
                <lido:conceptID lido:encodinganalog="" lido:label="" lido:pref="" lido:source="" lido:type="">lido:conceptID</lido:conceptID>
                <lido:term lido:addedSearchTerm="yes" lido:encodinganalog="" lido:label="" lido:lang="EN" lido:pref="">lido:term</lido:term>
              </lido:placeClassification>
            </lido:repositoryLocation>
          </lido:repositorySet>
        </lido:repositoryWrap>
        <lido:displayStateEditionWrap>
          <lido:displayState lido:encodinganalog="" lido:label="" lido:lang="EN">lido:displayState</lido:displayState>
          <lido:displayEdition lido:encodinganalog="" lido:label="" lido:lang="EN">lido:displayEdition</lido:displayEdition>
          <lido:sourceStateEdition lido:encodinganalog="" lido:label="" lido:lang="EN">lido:sourceStateEdition</lido:sourceStateEdition>
        </lido:displayStateEditionWrap>
        <lido:objectDescriptionWrap>
          <lido:objectDescriptionSet lido:sortorder="0" lido:type="">
            <lido:descriptiveNoteID lido:encodinganalog="" lido:label="" lido:pref="" lido:source="" lido:type="">lido:descriptiveNoteID</lido:descriptiveNoteID>
            <lido:descriptiveNoteValue lido:encodinganalog="" lido:label="" lido:lang="EN">lido:descriptiveNoteValue</lido:descriptiveNoteValue>
            <lido:sourceDescriptiveNote lido:encodinganalog="" lido:label="" lido:lang="EN">lido:sourceDescriptiveNote</lido:sourceDescriptiveNote>
          </lido:objectDescriptionSet>
        </lido:objectDescriptionWrap>
        <lido:objectMeasurementsWrap>
          <lido:objectMeasurementsSet lido:sortorder="0">
            <lido:displayObjectMeasurements lido:encodinganalog="" lido:label="" lido:lang="EN">lido:displayObjectMeasurements</lido:displayObjectMeasurements>
            <lido:objectMeasurements>
              <lido:measurementsSet lido:sortorder="0">
                <lido:measurementType lido:encodinganalog="" lido:label="" lido:lang="EN">lido:measurementType</lido:measurementType>
                <lido:measurementUnit lido:encodinganalog="" lido:label="" lido:lang="EN">lido:measurementUnit</lido:measurementUnit>
                <lido:measurementValue lido:encodinganalog="" lido:label="" lido:lang="EN">lido:measurementValue</lido:measurementValue>
              </lido:measurementsSet>
              <lido:extentMeasurements lido:encodinganalog="" lido:label="" lido:lang="EN" lido:sortorder="0">lido:extentMeasurements</lido:extentMeasurements>
              <lido:qualifierMeasurements lido:encodinganalog="" lido:label="" lido:lang="EN" lido:sortorder="0">lido:qualifierMeasurements</lido:qualifierMeasurements>
              <lido:formatMeasurements lido:encodinganalog="" lido:label="" lido:lang="EN" lido:sortorder="0">lido:formatMeasurements</lido:formatMeasurements>
              <lido:shapeMeasurements lido:encodinganalog="" lido:label="" lido:lang="EN" lido:sortorder="0">lido:shapeMeasurements</lido:shapeMeasurements>
              <lido:scaleMeasurements lido:encodinganalog="" lido:label="" lido:lang="EN" lido:sortorder="0">lido:scaleMeasurements</lido:scaleMeasurements>
            </lido:objectMeasurements>
          </lido:objectMeasurementsSet>
        </lido:objectMeasurementsWrap>
      </lido:objectIdentificationWrap>
      <lido:eventWrap>
        <lido:eventSet lido:sortorder="0">
          <lido:displayEvent lido:encodinganalog="" lido:label="" lido:lang="EN">lido:displayEvent</lido:displayEvent>
          <lido:event>
            <lido:eventID lido:encodinganalog="" lido:label="" lido:pref="" lido:source="" lido:type="">lido:eventID</lido:eventID>
            <lido:eventType>
              <lido:conceptID lido:encodinganalog="" lido:label="" lido:pref="" lido:source="" lido:type="">lido:conceptID</lido:conceptID>
              <lido:term lido:addedSearchTerm="yes" lido:encodinganalog="" lido:label="" lido:lang="EN" lido:pref="">lido:term</lido:term>
            </lido:eventType>
            <lido:roleInEvent>
              <lido:conceptID lido:encodinganalog="" lido:label="" lido:pref="" lido:source="" lido:type="">lido:conceptID</lido:conceptID>
              <lido:term lido:addedSearchTerm="yes" lido:encodinganalog="" lido:label="" lido:lang="EN" lido:pref="">lido:term</lido:term>
            </lido:roleInEvent>
            <lido:eventName>
              <lido:appellationValue lido:encodinganalog="" lido:label="" lido:lang="EN" lido:pref="">lido:appellationValue</lido:appellationValue>
              <lido:sourceAppellation lido:encodinganalog="" lido:label="" lido:lang="EN">lido:sourceAppellation</lido:sourceAppellation>
            </lido:eventName>
            <lido:eventActor lido:sortorder="0">
              <lido:displayActorInRole lido:encodinganalog="" lido:label="" lido:lang="EN">lido:displayActorInRole</lido:displayActorInRole>
              <lido:actorInRole>
                <lido:actor lido:type="">
                  <lido:actorID lido:encodinganalog="" lido:label="" lido:pref="" lido:source="" lido:type="">lido:actorID</lido:actorID>
                  <lido:nameActorSet>
                    <lido:appellationValue lido:encodinganalog="" lido:label="" lido:lang="EN" lido:pref="">lido:appellationValue</lido:appellationValue>
                    <lido:sourceAppellation lido:encodinganalog="" lido:label="" lido:lang="EN">lido:sourceAppellation</lido:sourceAppellation>
                  </lido:nameActorSet>
                  <lido:nationalityActor lido:sortorder="0">
                    <lido:conceptID lido:encodinganalog="" lido:label="" lido:pref="" lido:source="" lido:type="">lido:conceptID</lido:conceptID>
                    <lido:term lido:addedSearchTerm="yes" lido:encodinganalog="" lido:label="" lido:lang="EN" lido:pref="">lido:term</lido:term>
                  </lido:nationalityActor>
                  <lido:vitalDatesActor>
                    <lido:earliestDate lido:encodinganalog="" lido:label="" lido:source="" lido:type="">lido:earliestDate</lido:earliestDate>
                    <lido:latestDate lido:encodinganalog="" lido:label="" lido:source="" lido:type="">lido:latestDate</lido:latestDate>
                  </lido:vitalDatesActor>
                  <lido:genderActor lido:encodinganalog="" lido:label="" lido:lang="EN">lido:genderActor</lido:genderActor>
                </lido:actor>
                <lido:roleActor lido:sortorder="0">
                  <lido:conceptID lido:encodinganalog="" lido:label="" lido:pref="" lido:source="" lido:type="">lido:conceptID</lido:conceptID>
                  <lido:term lido:addedSearchTerm="yes" lido:encodinganalog="" lido:label="" lido:lang="EN" lido:pref="">lido:term</lido:term>
                </lido:roleActor>
                <lido:attributionQualifierActor lido:encodinganalog="" lido:label="" lido:lang="EN">lido:attributionQualifierActor</lido:attributionQualifierActor>
                <lido:extentActor lido:encodinganalog="" lido:label="" lido:lang="EN">lido:extentActor</lido:extentActor>
              </lido:actorInRole>
            </lido:eventActor>
            <lido:culture lido:sortorder="0">
              <lido:conceptID lido:encodinganalog="" lido:label="" lido:pref="" lido:source="" lido:type="">lido:conceptID</lido:conceptID>
              <lido:term lido:addedSearchTerm="yes" lido:encodinganalog="" lido:label="" lido:lang="EN" lido:pref="">lido:term</lido:term>
            </lido:culture>
            <lido:eventDate>
              <lido:displayDate lido:encodinganalog="" lido:label="" lido:lang="EN">lido:displayDate</lido:displayDate>
              <lido:date>
                <lido:earliestDate lido:encodinganalog="" lido:label="" lido:source="" lido:type="">lido:earliestDate</lido:earliestDate>
                <lido:latestDate lido:encodinganalog="" lido:label="" lido:source="" lido:type="">lido:latestDate</lido:latestDate>
              </lido:date>
            </lido:eventDate>
            <lido:periodName lido:sortorder="0" lido:type="">
              <lido:conceptID lido:encodinganalog="" lido:label="" lido:pref="" lido:source="" lido:type="">lido:conceptID</lido:conceptID>
              <lido:term lido:addedSearchTerm="yes" lido:encodinganalog="" lido:label="" lido:lang="EN" lido:pref="">lido:term</lido:term>
            </lido:periodName>
            <lido:eventPlace lido:sortorder="0" lido:type="">
              <lido:displayPlace lido:encodinganalog="" lido:label="" lido:lang="EN">lido:displayPlace</lido:displayPlace>
              <lido:place lido:geographicalEntity="" lido:politicalEntity="">
                <lido:placeID lido:encodinganalog="" lido:label="" lido:pref="" lido:source="" lido:type="">lido:placeID</lido:placeID>
                <lido:namePlaceSet>
                  <lido:appellationValue lido:encodinganalog="" lido:label="" lido:lang="EN" lido:pref="">lido:appellationValue</lido:appellationValue>
                  <lido:sourceAppellation lido:encodinganalog="" lido:label="" lido:lang="EN">lido:sourceAppellation</lido:sourceAppellation>
                </lido:namePlaceSet>
                <lido:gml lido:lang="EN">
                  <gml:Point axisLabels="" gid="" gml:id="idvalue5" srsDimension="1" srsName="http://tempuri.org" uomLabels="">
                    <gml:metaDataProperty about="http://tempuri.org" gml:remoteSchema="http://tempuri.org" xlink:actuate="onLoad" xlink:arcrole="http://tempuri.org" xlink:href="http://tempuri.org" xlink:role="http://tempuri.org" xlink:show="new" xlink:title="" xlink:type="simple">
                      <gml:name codeSpace="http://tempuri.org">gml:name</gml:name>
                    </gml:metaDataProperty>
                    <gml:description gml:remoteSchema="http://tempuri.org" xlink:actuate="onLoad" xlink:arcrole="http://tempuri.org" xlink:href="http://tempuri.org" xlink:role="http://tempuri.org" xlink:show="new" xlink:title="" xlink:type="simple">gml:description</gml:description>
                    <gml:name codeSpace="http://tempuri.org">gml:name</gml:name>
                    <gml:pos axisLabels="" srsDimension="1" srsName="http://tempuri.org" uomLabels="">gml:pos</gml:pos>
                  </gml:Point>
                  <gml:LineString axisLabels="" gid="" gml:id="idvalue6" srsDimension="1" srsName="http://tempuri.org" uomLabels="">
                    <gml:metaDataProperty about="http://tempuri.org" gml:remoteSchema="http://tempuri.org" xlink:actuate="onLoad" xlink:arcrole="http://tempuri.org" xlink:href="http://tempuri.org" xlink:role="http://tempuri.org" xlink:show="new" xlink:title="" xlink:type="simple">
                      <gml:name codeSpace="http://tempuri.org">gml:name</gml:name>
                    </gml:metaDataProperty>
                    <gml:description gml:remoteSchema="http://tempuri.org" xlink:actuate="onLoad" xlink:arcrole="http://tempuri.org" xlink:href="http://tempuri.org" xlink:role="http://tempuri.org" xlink:show="new" xlink:title="" xlink:type="simple">gml:description</gml:description>
                    <gml:name codeSpace="http://tempuri.org">gml:name</gml:name>
                    <gml:pos axisLabels="" srsDimension="1" srsName="http://tempuri.org" uomLabels="">gml:pos</gml:pos>
                    <gml:pos axisLabels="" srsDimension="1" srsName="http://tempuri.org" uomLabels="">gml:pos</gml:pos>
                    <gml:pos axisLabels="" srsDimension="1" srsName="http://tempuri.org" uomLabels="">gml:pos</gml:pos>
                    <gml:pos axisLabels="" srsDimension="1" srsName="http://tempuri.org" uomLabels="">gml:pos</gml:pos>
                  </gml:LineString>
                  <gml:Polygon axisLabels="" gid="" gml:id="idvalue7" srsDimension="1" srsName="http://tempuri.org" uomLabels="">
                    <gml:metaDataProperty about="http://tempuri.org" gml:remoteSchema="http://tempuri.org" xlink:actuate="onLoad" xlink:arcrole="http://tempuri.org" xlink:href="http://tempuri.org" xlink:role="http://tempuri.org" xlink:show="new" xlink:title="" xlink:type="simple">
                      <gml:name codeSpace="http://tempuri.org">gml:name</gml:name>
                    </gml:metaDataProperty>
                    <gml:description gml:remoteSchema="http://tempuri.org" xlink:actuate="onLoad" xlink:arcrole="http://tempuri.org" xlink:href="http://tempuri.org" xlink:role="http://tempuri.org" xlink:show="new" xlink:title="" xlink:type="simple">gml:description</gml:description>
                    <gml:name codeSpace="http://tempuri.org">gml:name</gml:name>
                    <gml:exterior>
                      <gml:LinearRing axisLabels="" gid="" gml:id="idvalue8" srsDimension="1" srsName="http://tempuri.org" uomLabels="">
                        <gml:metaDataProperty about="http://tempuri.org" gml:remoteSchema="http://tempuri.org" xlink:actuate="onLoad" xlink:arcrole="http://tempuri.org" xlink:href="http://tempuri.org" xlink:role="http://tempuri.org" xlink:show="new" xlink:title="" xlink:type="simple">
                          <gml:name codeSpace="http://tempuri.org">gml:name</gml:name>
                        </gml:metaDataProperty>
                        <gml:description gml:remoteSchema="http://tempuri.org" xlink:actuate="onLoad" xlink:arcrole="http://tempuri.org" xlink:href="http://tempuri.org" xlink:role="http://tempuri.org" xlink:show="new" xlink:title="" xlink:type="simple">gml:description</gml:description>
                        <gml:name codeSpace="http://tempuri.org">gml:name</gml:name>
                        <gml:pos axisLabels="" srsDimension="1" srsName="http://tempuri.org" uomLabels="">gml:pos</gml:pos>
                        <gml:pos axisLabels="" srsDimension="1" srsName="http://tempuri.org" uomLabels="">gml:pos</gml:pos>
                        <gml:pos axisLabels="" srsDimension="1" srsName="http://tempuri.org" uomLabels="">gml:pos</gml:pos>
                        <gml:pos axisLabels="" srsDimension="1" srsName="http://tempuri.org" uomLabels="">gml:pos</gml:pos>
                        <gml:pos axisLabels="" srsDimension="1" srsName="http://tempuri.org" uomLabels="">gml:pos</gml:pos>
                        <gml:pos axisLabels="" srsDimension="1" srsName="http://tempuri.org" uomLabels="">gml:pos</gml:pos>
                        <gml:pos axisLabels="" srsDimension="1" srsName="http://tempuri.org" uomLabels="">gml:pos</gml:pos>
                        <gml:pos axisLabels="" srsDimension="1" srsName="http://tempuri.org" uomLabels="">gml:pos</gml:pos>
                        <gml:pos axisLabels="" srsDimension="1" srsName="http://tempuri.org" uomLabels="">gml:pos</gml:pos>
                        <gml:pos axisLabels="" srsDimension="1" srsName="http://tempuri.org" uomLabels="">gml:pos</gml:pos>
                        <gml:pos axisLabels="" srsDimension="1" srsName="http://tempuri.org" uomLabels="">gml:pos</gml:pos>
                        <gml:pos axisLabels="" srsDimension="1" srsName="http://tempuri.org" uomLabels="">gml:pos</gml:pos>
                        <gml:pos axisLabels="" srsDimension="1" srsName="http://tempuri.org" uomLabels="">gml:pos</gml:pos>
                        <gml:pos axisLabels="" srsDimension="1" srsName="http://tempuri.org" uomLabels="">gml:pos</gml:pos>
                        <gml:pos axisLabels="" srsDimension="1" srsName="http://tempuri.org" uomLabels="">gml:pos</gml:pos>
                        <gml:pos axisLabels="" srsDimension="1" srsName="http://tempuri.org" uomLabels="">gml:pos</gml:pos>
                      </gml:LinearRing>
                    </gml:exterior>
                    <gml:interior>
                      <gml:LinearRing axisLabels="" gid="" gml:id="idvalue9" srsDimension="1" srsName="http://tempuri.org" uomLabels="">
                        <gml:metaDataProperty about="http://tempuri.org" gml:remoteSchema="http://tempuri.org" xlink:actuate="onLoad" xlink:arcrole="http://tempuri.org" xlink:href="http://tempuri.org" xlink:role="http://tempuri.org" xlink:show="new" xlink:title="" xlink:type="simple">
                          <gml:name codeSpace="http://tempuri.org">gml:name</gml:name>
                        </gml:metaDataProperty>
                        <gml:description gml:remoteSchema="http://tempuri.org" xlink:actuate="onLoad" xlink:arcrole="http://tempuri.org" xlink:href="http://tempuri.org" xlink:role="http://tempuri.org" xlink:show="new" xlink:title="" xlink:type="simple">gml:description</gml:description>
                        <gml:name codeSpace="http://tempuri.org">gml:name</gml:name>
                        <gml:pos axisLabels="" srsDimension="1" srsName="http://tempuri.org" uomLabels="">gml:pos</gml:pos>
                        <gml:pos axisLabels="" srsDimension="1" srsName="http://tempuri.org" uomLabels="">gml:pos</gml:pos>
                        <gml:pos axisLabels="" srsDimension="1" srsName="http://tempuri.org" uomLabels="">gml:pos</gml:pos>
                        <gml:pos axisLabels="" srsDimension="1" srsName="http://tempuri.org" uomLabels="">gml:pos</gml:pos>
                        <gml:pos axisLabels="" srsDimension="1" srsName="http://tempuri.org" uomLabels="">gml:pos</gml:pos>
                        <gml:pos axisLabels="" srsDimension="1" srsName="http://tempuri.org" uomLabels="">gml:pos</gml:pos>
                        <gml:pos axisLabels="" srsDimension="1" srsName="http://tempuri.org" uomLabels="">gml:pos</gml:pos>
                        <gml:pos axisLabels="" srsDimension="1" srsName="http://tempuri.org" uomLabels="">gml:pos</gml:pos>
                        <gml:pos axisLabels="" srsDimension="1" srsName="http://tempuri.org" uomLabels="">gml:pos</gml:pos>
                        <gml:pos axisLabels="" srsDimension="1" srsName="http://tempuri.org" uomLabels="">gml:pos</gml:pos>
                        <gml:pos axisLabels="" srsDimension="1" srsName="http://tempuri.org" uomLabels="">gml:pos</gml:pos>
                        <gml:pos axisLabels="" srsDimension="1" srsName="http://tempuri.org" uomLabels="">gml:pos</gml:pos>
                        <gml:pos axisLabels="" srsDimension="1" srsName="http://tempuri.org" uomLabels="">gml:pos</gml:pos>
                        <gml:pos axisLabels="" srsDimension="1" srsName="http://tempuri.org" uomLabels="">gml:pos</gml:pos>
                        <gml:pos axisLabels="" srsDimension="1" srsName="http://tempuri.org" uomLabels="">gml:pos</gml:pos>
                        <gml:pos axisLabels="" srsDimension="1" srsName="http://tempuri.org" uomLabels="">gml:pos</gml:pos>
                      </gml:LinearRing>
                    </gml:interior>
                  </gml:Polygon>
                </lido:gml>
                <lido:partOfPlace lido:geographicalEntity="" lido:politicalEntity=""/>
                <lido:placeClassification lido:type="">
                  <lido:conceptID lido:encodinganalog="" lido:label="" lido:pref="" lido:source="" lido:type="">lido:conceptID</lido:conceptID>
                  <lido:term lido:addedSearchTerm="yes" lido:encodinganalog="" lido:label="" lido:lang="EN" lido:pref="">lido:term</lido:term>
                </lido:placeClassification>
              </lido:place>
            </lido:eventPlace>
            <lido:eventMethod lido:sortorder="0">
              <lido:conceptID lido:encodinganalog="" lido:label="" lido:pref="" lido:source="" lido:type="">lido:conceptID</lido:conceptID>
              <lido:term lido:addedSearchTerm="yes" lido:encodinganalog="" lido:label="" lido:lang="EN" lido:pref="">lido:term</lido:term>
            </lido:eventMethod>
            <lido:eventMaterialsTech lido:sortorder="0">
              <lido:displayMaterialsTech lido:encodinganalog="" lido:label="" lido:lang="EN">lido:displayMaterialsTech</lido:displayMaterialsTech>
              <lido:materialsTech>
                <lido:termMaterialsTech lido:sortorder="0" lido:type="">
                  <lido:conceptID lido:encodinganalog="" lido:label="" lido:pref="" lido:source="" lido:type="">lido:conceptID</lido:conceptID>
                  <lido:term lido:addedSearchTerm="yes" lido:encodinganalog="" lido:label="" lido:lang="EN" lido:pref="">lido:term</lido:term>
                </lido:termMaterialsTech>
                <lido:extentMaterialsTech lido:encodinganalog="" lido:label="" lido:lang="EN">lido:extentMaterialsTech</lido:extentMaterialsTech>
                <lido:sourceMaterialsTech lido:encodinganalog="" lido:label="" lido:lang="EN">lido:sourceMaterialsTech</lido:sourceMaterialsTech>
              </lido:materialsTech>
            </lido:eventMaterialsTech>
            <lido:thingPresent lido:sortorder="0">
              <lido:displayObject lido:encodinganalog="" lido:label="" lido:lang="EN">lido:displayObject</lido:displayObject>
              <lido:object>
                <lido:objectWebResource lido:encodinganalog="" lido:formatResource="" lido:label="" lido:lang="EN" lido:pref="">lido:objectWebResource</lido:objectWebResource>
                <lido:objectID lido:encodinganalog="" lido:label="" lido:pref="" lido:source="" lido:type="">lido:objectID</lido:objectID>
                <lido:objectNote lido:encodinganalog="" lido:label="" lido:lang="EN" lido:type="">lido:objectNote</lido:objectNote>
              </lido:object>
            </lido:thingPresent>
            <lido:relatedEventSet lido:sortorder="0">
              <lido:relatedEvent/>
              <lido:relatedEventRelType>
                <lido:conceptID lido:encodinganalog="" lido:label="" lido:pref="" lido:source="" lido:type="">lido:conceptID</lido:conceptID>
                <lido:term lido:addedSearchTerm="yes" lido:encodinganalog="" lido:label="" lido:lang="EN" lido:pref="">lido:term</lido:term>
              </lido:relatedEventRelType>
            </lido:relatedEventSet>
            <lido:eventDescriptionSet lido:sortorder="0" lido:type="">
              <lido:descriptiveNoteID lido:encodinganalog="" lido:label="" lido:pref="" lido:source="" lido:type="">lido:descriptiveNoteID</lido:descriptiveNoteID>
              <lido:descriptiveNoteValue lido:encodinganalog="" lido:label="" lido:lang="EN">lido:descriptiveNoteValue</lido:descriptiveNoteValue>
              <lido:sourceDescriptiveNote lido:encodinganalog="" lido:label="" lido:lang="EN">lido:sourceDescriptiveNote</lido:sourceDescriptiveNote>
            </lido:eventDescriptionSet>
          </lido:event>
        </lido:eventSet>
      </lido:eventWrap>
      <lido:objectRelationWrap>
        <lido:subjectWrap>
          <lido:subjectSet lido:sortorder="0">
            <lido:displaySubject lido:encodinganalog="" lido:label="" lido:lang="EN">lido:displaySubject</lido:displaySubject>
            <lido:subject lido:type="">
              <lido:extentSubject lido:encodinganalog="" lido:label="" lido:lang="EN">lido:extentSubject</lido:extentSubject>
              <lido:subjectConcept lido:sortorder="0">
                <lido:conceptID lido:encodinganalog="" lido:label="" lido:pref="" lido:source="" lido:type="">lido:conceptID</lido:conceptID>
                <lido:term lido:addedSearchTerm="yes" lido:encodinganalog="" lido:label="" lido:lang="EN" lido:pref="">lido:term</lido:term>
              </lido:subjectConcept>
              <lido:subjectActor lido:sortorder="0">
                <lido:displayActor lido:encodinganalog="" lido:label="" lido:lang="EN">lido:displayActor</lido:displayActor>
                <lido:actor lido:type="">
                  <lido:actorID lido:encodinganalog="" lido:label="" lido:pref="" lido:source="" lido:type="">lido:actorID</lido:actorID>
                  <lido:nameActorSet>
                    <lido:appellationValue lido:encodinganalog="" lido:label="" lido:lang="EN" lido:pref="">lido:appellationValue</lido:appellationValue>
                    <lido:sourceAppellation lido:encodinganalog="" lido:label="" lido:lang="EN">lido:sourceAppellation</lido:sourceAppellation>
                  </lido:nameActorSet>
                  <lido:nationalityActor lido:sortorder="0">
                    <lido:conceptID lido:encodinganalog="" lido:label="" lido:pref="" lido:source="" lido:type="">lido:conceptID</lido:conceptID>
                    <lido:term lido:addedSearchTerm="yes" lido:encodinganalog="" lido:label="" lido:lang="EN" lido:pref="">lido:term</lido:term>
                  </lido:nationalityActor>
                  <lido:vitalDatesActor>
                    <lido:earliestDate lido:encodinganalog="" lido:label="" lido:source="" lido:type="">lido:earliestDate</lido:earliestDate>
                    <lido:latestDate lido:encodinganalog="" lido:label="" lido:source="" lido:type="">lido:latestDate</lido:latestDate>
                  </lido:vitalDatesActor>
                  <lido:genderActor lido:encodinganalog="" lido:label="" lido:lang="EN">lido:genderActor</lido:genderActor>
                </lido:actor>
              </lido:subjectActor>
              <lido:subjectDate lido:sortorder="0">
                <lido:displayDate lido:encodinganalog="" lido:label="" lido:lang="EN">lido:displayDate</lido:displayDate>
                <lido:date>
                  <lido:earliestDate lido:encodinganalog="" lido:label="" lido:source="" lido:type="">lido:earliestDate</lido:earliestDate>
                  <lido:latestDate lido:encodinganalog="" lido:label="" lido:source="" lido:type="">lido:latestDate</lido:latestDate>
                </lido:date>
              </lido:subjectDate>
              <lido:subjectEvent lido:sortorder="0">
                <lido:displayEvent lido:encodinganalog="" lido:label="" lido:lang="EN">lido:displayEvent</lido:displayEvent>
                <lido:event>
                  <lido:eventID lido:encodinganalog="" lido:label="" lido:pref="" lido:source="" lido:type="">lido:eventID</lido:eventID>
                  <lido:eventType>
                    <lido:conceptID lido:encodinganalog="" lido:label="" lido:pref="" lido:source="" lido:type="">lido:conceptID</lido:conceptID>
                    <lido:term lido:addedSearchTerm="yes" lido:encodinganalog="" lido:label="" lido:lang="EN" lido:pref="">lido:term</lido:term>
                  </lido:eventType>
                  <lido:roleInEvent>
                    <lido:conceptID lido:encodinganalog="" lido:label="" lido:pref="" lido:source="" lido:type="">lido:conceptID</lido:conceptID>
                    <lido:term lido:addedSearchTerm="yes" lido:encodinganalog="" lido:label="" lido:lang="EN" lido:pref="">lido:term</lido:term>
                  </lido:roleInEvent>
                  <lido:eventName>
                    <lido:appellationValue lido:encodinganalog="" lido:label="" lido:lang="EN" lido:pref="">lido:appellationValue</lido:appellationValue>
                    <lido:sourceAppellation lido:encodinganalog="" lido:label="" lido:lang="EN">lido:sourceAppellation</lido:sourceAppellation>
                  </lido:eventName>
                  <lido:eventActor lido:sortorder="0">
                    <lido:displayActorInRole lido:encodinganalog="" lido:label="" lido:lang="EN">lido:displayActorInRole</lido:displayActorInRole>
                    <lido:actorInRole>
                      <lido:actor lido:type="">
                        <lido:actorID lido:encodinganalog="" lido:label="" lido:pref="" lido:source="" lido:type="">lido:actorID</lido:actorID>
                        <lido:nameActorSet>
                          <lido:appellationValue lido:encodinganalog="" lido:label="" lido:lang="EN" lido:pref="">lido:appellationValue</lido:appellationValue>
                          <lido:sourceAppellation lido:encodinganalog="" lido:label="" lido:lang="EN">lido:sourceAppellation</lido:sourceAppellation>
                        </lido:nameActorSet>
                        <lido:nationalityActor lido:sortorder="0">
                          <lido:conceptID lido:encodinganalog="" lido:label="" lido:pref="" lido:source="" lido:type="">lido:conceptID</lido:conceptID>
                          <lido:term lido:addedSearchTerm="yes" lido:encodinganalog="" lido:label="" lido:lang="EN" lido:pref="">lido:term</lido:term>
                        </lido:nationalityActor>
                        <lido:vitalDatesActor>
                          <lido:earliestDate lido:encodinganalog="" lido:label="" lido:source="" lido:type="">lido:earliestDate</lido:earliestDate>
                          <lido:latestDate lido:encodinganalog="" lido:label="" lido:source="" lido:type="">lido:latestDate</lido:latestDate>
                        </lido:vitalDatesActor>
                        <lido:genderActor lido:encodinganalog="" lido:label="" lido:lang="EN">lido:genderActor</lido:genderActor>
                      </lido:actor>
                      <lido:roleActor lido:sortorder="0">
                        <lido:conceptID lido:encodinganalog="" lido:label="" lido:pref="" lido:source="" lido:type="">lido:conceptID</lido:conceptID>
                        <lido:term lido:addedSearchTerm="yes" lido:encodinganalog="" lido:label="" lido:lang="EN" lido:pref="">lido:term</lido:term>
                      </lido:roleActor>
                      <lido:attributionQualifierActor lido:encodinganalog="" lido:label="" lido:lang="EN">lido:attributionQualifierActor</lido:attributionQualifierActor>
                      <lido:extentActor lido:encodinganalog="" lido:label="" lido:lang="EN">lido:extentActor</lido:extentActor>
                    </lido:actorInRole>
                  </lido:eventActor>
                  <lido:culture lido:sortorder="0">
                    <lido:conceptID lido:encodinganalog="" lido:label="" lido:pref="" lido:source="" lido:type="">lido:conceptID</lido:conceptID>
                    <lido:term lido:addedSearchTerm="yes" lido:encodinganalog="" lido:label="" lido:lang="EN" lido:pref="">lido:term</lido:term>
                  </lido:culture>
                  <lido:eventDate>
                    <lido:displayDate lido:encodinganalog="" lido:label="" lido:lang="EN">lido:displayDate</lido:displayDate>
                    <lido:date>
                      <lido:earliestDate lido:encodinganalog="" lido:label="" lido:source="" lido:type="">lido:earliestDate</lido:earliestDate>
                      <lido:latestDate lido:encodinganalog="" lido:label="" lido:source="" lido:type="">lido:latestDate</lido:latestDate>
                    </lido:date>
                  </lido:eventDate>
                  <lido:periodName lido:sortorder="0" lido:type="">
                    <lido:conceptID lido:encodinganalog="" lido:label="" lido:pref="" lido:source="" lido:type="">lido:conceptID</lido:conceptID>
                    <lido:term lido:addedSearchTerm="yes" lido:encodinganalog="" lido:label="" lido:lang="EN" lido:pref="">lido:term</lido:term>
                  </lido:periodName>
                  <lido:eventPlace lido:sortorder="0" lido:type="">
                    <lido:displayPlace lido:encodinganalog="" lido:label="" lido:lang="EN">lido:displayPlace</lido:displayPlace>
                    <lido:place lido:geographicalEntity="" lido:politicalEntity="">
                      <lido:placeID lido:encodinganalog="" lido:label="" lido:pref="" lido:source="" lido:type="">lido:placeID</lido:placeID>
                      <lido:namePlaceSet>
                        <lido:appellationValue lido:encodinganalog="" lido:label="" lido:lang="EN" lido:pref="">lido:appellationValue</lido:appellationValue>
                        <lido:sourceAppellation lido:encodinganalog="" lido:label="" lido:lang="EN">lido:sourceAppellation</lido:sourceAppellation>
                      </lido:namePlaceSet>
                      <lido:gml lido:lang="EN">
                        <gml:Point axisLabels="" gid="" gml:id="idvalue10" srsDimension="1" srsName="http://tempuri.org" uomLabels="">
                          <gml:metaDataProperty about="http://tempuri.org" gml:remoteSchema="http://tempuri.org" xlink:actuate="onLoad" xlink:arcrole="http://tempuri.org" xlink:href="http://tempuri.org" xlink:role="http://tempuri.org" xlink:show="new" xlink:title="" xlink:type="simple">
                            <gml:name codeSpace="http://tempuri.org">gml:name</gml:name>
                          </gml:metaDataProperty>
                          <gml:description gml:remoteSchema="http://tempuri.org" xlink:actuate="onLoad" xlink:arcrole="http://tempuri.org" xlink:href="http://tempuri.org" xlink:role="http://tempuri.org" xlink:show="new" xlink:title="" xlink:type="simple">gml:description</gml:description>
                          <gml:name codeSpace="http://tempuri.org">gml:name</gml:name>
                          <gml:pos axisLabels="" srsDimension="1" srsName="http://tempuri.org" uomLabels="">gml:pos</gml:pos>
                        </gml:Point>
                        <gml:LineString axisLabels="" gid="" gml:id="idvalue11" srsDimension="1" srsName="http://tempuri.org" uomLabels="">
                          <gml:metaDataProperty about="http://tempuri.org" gml:remoteSchema="http://tempuri.org" xlink:actuate="onLoad" xlink:arcrole="http://tempuri.org" xlink:href="http://tempuri.org" xlink:role="http://tempuri.org" xlink:show="new" xlink:title="" xlink:type="simple">
                            <gml:name codeSpace="http://tempuri.org">gml:name</gml:name>
                          </gml:metaDataProperty>
                          <gml:description gml:remoteSchema="http://tempuri.org" xlink:actuate="onLoad" xlink:arcrole="http://tempuri.org" xlink:href="http://tempuri.org" xlink:role="http://tempuri.org" xlink:show="new" xlink:title="" xlink:type="simple">gml:description</gml:description>
                          <gml:name codeSpace="http://tempuri.org">gml:name</gml:name>
                          <gml:pos axisLabels="" srsDimension="1" srsName="http://tempuri.org" uomLabels="">gml:pos</gml:pos>
                          <gml:pos axisLabels="" srsDimension="1" srsName="http://tempuri.org" uomLabels="">gml:pos</gml:pos>
                          <gml:pos axisLabels="" srsDimension="1" srsName="http://tempuri.org" uomLabels="">gml:pos</gml:pos>
                          <gml:pos axisLabels="" srsDimension="1" srsName="http://tempuri.org" uomLabels="">gml:pos</gml:pos>
                        </gml:LineString>
                        <gml:Polygon axisLabels="" gid="" gml:id="idvalue12" srsDimension="1" srsName="http://tempuri.org" uomLabels="">
                          <gml:metaDataProperty about="http://tempuri.org" gml:remoteSchema="http://tempuri.org" xlink:actuate="onLoad" xlink:arcrole="http://tempuri.org" xlink:href="http://tempuri.org" xlink:role="http://tempuri.org" xlink:show="new" xlink:title="" xlink:type="simple">
                            <gml:name codeSpace="http://tempuri.org">gml:name</gml:name>
                          </gml:metaDataProperty>
                          <gml:description gml:remoteSchema="http://tempuri.org" xlink:actuate="onLoad" xlink:arcrole="http://tempuri.org" xlink:href="http://tempuri.org" xlink:role="http://tempuri.org" xlink:show="new" xlink:title="" xlink:type="simple">gml:description</gml:description>
                          <gml:name codeSpace="http://tempuri.org">gml:name</gml:name>
                          <gml:exterior>
                            <gml:LinearRing axisLabels="" gid="" gml:id="idvalue13" srsDimension="1" srsName="http://tempuri.org" uomLabels="">
                              <gml:metaDataProperty about="http://tempuri.org" gml:remoteSchema="http://tempuri.org" xlink:actuate="onLoad" xlink:arcrole="http://tempuri.org" xlink:href="http://tempuri.org" xlink:role="http://tempuri.org" xlink:show="new" xlink:title="" xlink:type="simple">
                                <gml:name codeSpace="http://tempuri.org">gml:name</gml:name>
                              </gml:metaDataProperty>
                              <gml:description gml:remoteSchema="http://tempuri.org" xlink:actuate="onLoad" xlink:arcrole="http://tempuri.org" xlink:href="http://tempuri.org" xlink:role="http://tempuri.org" xlink:show="new" xlink:title="" xlink:type="simple">gml:description</gml:description>
                              <gml:name codeSpace="http://tempuri.org">gml:name</gml:name>
                              <gml:pos axisLabels="" srsDimension="1" srsName="http://tempuri.org" uomLabels="">gml:pos</gml:pos>
                              <gml:pos axisLabels="" srsDimension="1" srsName="http://tempuri.org" uomLabels="">gml:pos</gml:pos>
                              <gml:pos axisLabels="" srsDimension="1" srsName="http://tempuri.org" uomLabels="">gml:pos</gml:pos>
                              <gml:pos axisLabels="" srsDimension="1" srsName="http://tempuri.org" uomLabels="">gml:pos</gml:pos>
                              <gml:pos axisLabels="" srsDimension="1" srsName="http://tempuri.org" uomLabels="">gml:pos</gml:pos>
                              <gml:pos axisLabels="" srsDimension="1" srsName="http://tempuri.org" uomLabels="">gml:pos</gml:pos>
                              <gml:pos axisLabels="" srsDimension="1" srsName="http://tempuri.org" uomLabels="">gml:pos</gml:pos>
                              <gml:pos axisLabels="" srsDimension="1" srsName="http://tempuri.org" uomLabels="">gml:pos</gml:pos>
                              <gml:pos axisLabels="" srsDimension="1" srsName="http://tempuri.org" uomLabels="">gml:pos</gml:pos>
                              <gml:pos axisLabels="" srsDimension="1" srsName="http://tempuri.org" uomLabels="">gml:pos</gml:pos>
                              <gml:pos axisLabels="" srsDimension="1" srsName="http://tempuri.org" uomLabels="">gml:pos</gml:pos>
                              <gml:pos axisLabels="" srsDimension="1" srsName="http://tempuri.org" uomLabels="">gml:pos</gml:pos>
                              <gml:pos axisLabels="" srsDimension="1" srsName="http://tempuri.org" uomLabels="">gml:pos</gml:pos>
                              <gml:pos axisLabels="" srsDimension="1" srsName="http://tempuri.org" uomLabels="">gml:pos</gml:pos>
                              <gml:pos axisLabels="" srsDimension="1" srsName="http://tempuri.org" uomLabels="">gml:pos</gml:pos>
                              <gml:pos axisLabels="" srsDimension="1" srsName="http://tempuri.org" uomLabels="">gml:pos</gml:pos>
                            </gml:LinearRing>
                          </gml:exterior>
                          <gml:interior>
                            <gml:LinearRing axisLabels="" gid="" gml:id="idvalue14" srsDimension="1" srsName="http://tempuri.org" uomLabels="">
                              <gml:metaDataProperty about="http://tempuri.org" gml:remoteSchema="http://tempuri.org" xlink:actuate="onLoad" xlink:arcrole="http://tempuri.org" xlink:href="http://tempuri.org" xlink:role="http://tempuri.org" xlink:show="new" xlink:title="" xlink:type="simple">
                                <gml:name codeSpace="http://tempuri.org">gml:name</gml:name>
                              </gml:metaDataProperty>
                              <gml:description gml:remoteSchema="http://tempuri.org" xlink:actuate="onLoad" xlink:arcrole="http://tempuri.org" xlink:href="http://tempuri.org" xlink:role="http://tempuri.org" xlink:show="new" xlink:title="" xlink:type="simple">gml:description</gml:description>
                              <gml:name codeSpace="http://tempuri.org">gml:name</gml:name>
                              <gml:pos axisLabels="" srsDimension="1" srsName="http://tempuri.org" uomLabels="">gml:pos</gml:pos>
                              <gml:pos axisLabels="" srsDimension="1" srsName="http://tempuri.org" uomLabels="">gml:pos</gml:pos>
                              <gml:pos axisLabels="" srsDimension="1" srsName="http://tempuri.org" uomLabels="">gml:pos</gml:pos>
                              <gml:pos axisLabels="" srsDimension="1" srsName="http://tempuri.org" uomLabels="">gml:pos</gml:pos>
                              <gml:pos axisLabels="" srsDimension="1" srsName="http://tempuri.org" uomLabels="">gml:pos</gml:pos>
                              <gml:pos axisLabels="" srsDimension="1" srsName="http://tempuri.org" uomLabels="">gml:pos</gml:pos>
                              <gml:pos axisLabels="" srsDimension="1" srsName="http://tempuri.org" uomLabels="">gml:pos</gml:pos>
                              <gml:pos axisLabels="" srsDimension="1" srsName="http://tempuri.org" uomLabels="">gml:pos</gml:pos>
                              <gml:pos axisLabels="" srsDimension="1" srsName="http://tempuri.org" uomLabels="">gml:pos</gml:pos>
                              <gml:pos axisLabels="" srsDimension="1" srsName="http://tempuri.org" uomLabels="">gml:pos</gml:pos>
                              <gml:pos axisLabels="" srsDimension="1" srsName="http://tempuri.org" uomLabels="">gml:pos</gml:pos>
                              <gml:pos axisLabels="" srsDimension="1" srsName="http://tempuri.org" uomLabels="">gml:pos</gml:pos>
                              <gml:pos axisLabels="" srsDimension="1" srsName="http://tempuri.org" uomLabels="">gml:pos</gml:pos>
                              <gml:pos axisLabels="" srsDimension="1" srsName="http://tempuri.org" uomLabels="">gml:pos</gml:pos>
                              <gml:pos axisLabels="" srsDimension="1" srsName="http://tempuri.org" uomLabels="">gml:pos</gml:pos>
                              <gml:pos axisLabels="" srsDimension="1" srsName="http://tempuri.org" uomLabels="">gml:pos</gml:pos>
                            </gml:LinearRing>
                          </gml:interior>
                        </gml:Polygon>
                      </lido:gml>
                      <lido:partOfPlace lido:geographicalEntity="" lido:politicalEntity=""/>
                      <lido:placeClassification lido:type="">
                        <lido:conceptID lido:encodinganalog="" lido:label="" lido:pref="" lido:source="" lido:type="">lido:conceptID</lido:conceptID>
                        <lido:term lido:addedSearchTerm="yes" lido:encodinganalog="" lido:label="" lido:lang="EN" lido:pref="">lido:term</lido:term>
                      </lido:placeClassification>
                    </lido:place>
                  </lido:eventPlace>
                  <lido:eventMethod lido:sortorder="0">
                    <lido:conceptID lido:encodinganalog="" lido:label="" lido:pref="" lido:source="" lido:type="">lido:conceptID</lido:conceptID>
                    <lido:term lido:addedSearchTerm="yes" lido:encodinganalog="" lido:label="" lido:lang="EN" lido:pref="">lido:term</lido:term>
                  </lido:eventMethod>
                  <lido:eventMaterialsTech lido:sortorder="0">
                    <lido:displayMaterialsTech lido:encodinganalog="" lido:label="" lido:lang="EN">lido:displayMaterialsTech</lido:displayMaterialsTech>
                    <lido:materialsTech>
                      <lido:termMaterialsTech lido:sortorder="0" lido:type="">
                        <lido:conceptID lido:encodinganalog="" lido:label="" lido:pref="" lido:source="" lido:type="">lido:conceptID</lido:conceptID>
                        <lido:term lido:addedSearchTerm="yes" lido:encodinganalog="" lido:label="" lido:lang="EN" lido:pref="">lido:term</lido:term>
                      </lido:termMaterialsTech>
                      <lido:extentMaterialsTech lido:encodinganalog="" lido:label="" lido:lang="EN">lido:extentMaterialsTech</lido:extentMaterialsTech>
                      <lido:sourceMaterialsTech lido:encodinganalog="" lido:label="" lido:lang="EN">lido:sourceMaterialsTech</lido:sourceMaterialsTech>
                    </lido:materialsTech>
                  </lido:eventMaterialsTech>
                  <lido:thingPresent lido:sortorder="0">
                    <lido:displayObject lido:encodinganalog="" lido:label="" lido:lang="EN">lido:displayObject</lido:displayObject>
                    <lido:object>
                      <lido:objectWebResource lido:encodinganalog="" lido:formatResource="" lido:label="" lido:lang="EN" lido:pref="">lido:objectWebResource</lido:objectWebResource>
                      <lido:objectID lido:encodinganalog="" lido:label="" lido:pref="" lido:source="" lido:type="">lido:objectID</lido:objectID>
                      <lido:objectNote lido:encodinganalog="" lido:label="" lido:lang="EN" lido:type="">lido:objectNote</lido:objectNote>
                    </lido:object>
                  </lido:thingPresent>
                  <lido:relatedEventSet lido:sortorder="0">
                    <lido:relatedEvent/>
                    <lido:relatedEventRelType>
                      <lido:conceptID lido:encodinganalog="" lido:label="" lido:pref="" lido:source="" lido:type="">lido:conceptID</lido:conceptID>
                      <lido:term lido:addedSearchTerm="yes" lido:encodinganalog="" lido:label="" lido:lang="EN" lido:pref="">lido:term</lido:term>
                    </lido:relatedEventRelType>
                  </lido:relatedEventSet>
                  <lido:eventDescriptionSet lido:sortorder="0" lido:type="">
                    <lido:descriptiveNoteID lido:encodinganalog="" lido:label="" lido:pref="" lido:source="" lido:type="">lido:descriptiveNoteID</lido:descriptiveNoteID>
                    <lido:descriptiveNoteValue lido:encodinganalog="" lido:label="" lido:lang="EN">lido:descriptiveNoteValue</lido:descriptiveNoteValue>
                    <lido:sourceDescriptiveNote lido:encodinganalog="" lido:label="" lido:lang="EN">lido:sourceDescriptiveNote</lido:sourceDescriptiveNote>
                  </lido:eventDescriptionSet>
                </lido:event>
              </lido:subjectEvent>
              <lido:subjectPlace lido:sortorder="0">
                <lido:displayPlace lido:encodinganalog="" lido:label="" lido:lang="EN">lido:displayPlace</lido:displayPlace>
                <lido:place lido:geographicalEntity="" lido:politicalEntity="">
                  <lido:placeID lido:encodinganalog="" lido:label="" lido:pref="" lido:source="" lido:type="">lido:placeID</lido:placeID>
                  <lido:namePlaceSet>
                    <lido:appellationValue lido:encodinganalog="" lido:label="" lido:lang="EN" lido:pref="">lido:appellationValue</lido:appellationValue>
                    <lido:sourceAppellation lido:encodinganalog="" lido:label="" lido:lang="EN">lido:sourceAppellation</lido:sourceAppellation>
                  </lido:namePlaceSet>
                  <lido:gml lido:lang="EN">
                    <gml:Point axisLabels="" gid="" gml:id="idvalue15" srsDimension="1" srsName="http://tempuri.org" uomLabels="">
                      <gml:metaDataProperty about="http://tempuri.org" gml:remoteSchema="http://tempuri.org" xlink:actuate="onLoad" xlink:arcrole="http://tempuri.org" xlink:href="http://tempuri.org" xlink:role="http://tempuri.org" xlink:show="new" xlink:title="" xlink:type="simple">
                        <gml:name codeSpace="http://tempuri.org">gml:name</gml:name>
                      </gml:metaDataProperty>
                      <gml:description gml:remoteSchema="http://tempuri.org" xlink:actuate="onLoad" xlink:arcrole="http://tempuri.org" xlink:href="http://tempuri.org" xlink:role="http://tempuri.org" xlink:show="new" xlink:title="" xlink:type="simple">gml:description</gml:description>
                      <gml:name codeSpace="http://tempuri.org">gml:name</gml:name>
                      <gml:pos axisLabels="" srsDimension="1" srsName="http://tempuri.org" uomLabels="">gml:pos</gml:pos>
                    </gml:Point>
                    <gml:LineString axisLabels="" gid="" gml:id="idvalue16" srsDimension="1" srsName="http://tempuri.org" uomLabels="">
                      <gml:metaDataProperty about="http://tempuri.org" gml:remoteSchema="http://tempuri.org" xlink:actuate="onLoad" xlink:arcrole="http://tempuri.org" xlink:href="http://tempuri.org" xlink:role="http://tempuri.org" xlink:show="new" xlink:title="" xlink:type="simple">
                        <gml:name codeSpace="http://tempuri.org">gml:name</gml:name>
                      </gml:metaDataProperty>
                      <gml:description gml:remoteSchema="http://tempuri.org" xlink:actuate="onLoad" xlink:arcrole="http://tempuri.org" xlink:href="http://tempuri.org" xlink:role="http://tempuri.org" xlink:show="new" xlink:title="" xlink:type="simple">gml:description</gml:description>
                      <gml:name codeSpace="http://tempuri.org">gml:name</gml:name>
                      <gml:pos axisLabels="" srsDimension="1" srsName="http://tempuri.org" uomLabels="">gml:pos</gml:pos>
                      <gml:pos axisLabels="" srsDimension="1" srsName="http://tempuri.org" uomLabels="">gml:pos</gml:pos>
                      <gml:pos axisLabels="" srsDimension="1" srsName="http://tempuri.org" uomLabels="">gml:pos</gml:pos>
                      <gml:pos axisLabels="" srsDimension="1" srsName="http://tempuri.org" uomLabels="">gml:pos</gml:pos>
                    </gml:LineString>
                    <gml:Polygon axisLabels="" gid="" gml:id="idvalue17" srsDimension="1" srsName="http://tempuri.org" uomLabels="">
                      <gml:metaDataProperty about="http://tempuri.org" gml:remoteSchema="http://tempuri.org" xlink:actuate="onLoad" xlink:arcrole="http://tempuri.org" xlink:href="http://tempuri.org" xlink:role="http://tempuri.org" xlink:show="new" xlink:title="" xlink:type="simple">
                        <gml:name codeSpace="http://tempuri.org">gml:name</gml:name>
                      </gml:metaDataProperty>
                      <gml:description gml:remoteSchema="http://tempuri.org" xlink:actuate="onLoad" xlink:arcrole="http://tempuri.org" xlink:href="http://tempuri.org" xlink:role="http://tempuri.org" xlink:show="new" xlink:title="" xlink:type="simple">gml:description</gml:description>
                      <gml:name codeSpace="http://tempuri.org">gml:name</gml:name>
                      <gml:exterior>
                        <gml:LinearRing axisLabels="" gid="" gml:id="idvalue18" srsDimension="1" srsName="http://tempuri.org" uomLabels="">
                          <gml:metaDataProperty about="http://tempuri.org" gml:remoteSchema="http://tempuri.org" xlink:actuate="onLoad" xlink:arcrole="http://tempuri.org" xlink:href="http://tempuri.org" xlink:role="http://tempuri.org" xlink:show="new" xlink:title="" xlink:type="simple">
                            <gml:name codeSpace="http://tempuri.org">gml:name</gml:name>
                          </gml:metaDataProperty>
                          <gml:description gml:remoteSchema="http://tempuri.org" xlink:actuate="onLoad" xlink:arcrole="http://tempuri.org" xlink:href="http://tempuri.org" xlink:role="http://tempuri.org" xlink:show="new" xlink:title="" xlink:type="simple">gml:description</gml:description>
                          <gml:name codeSpace="http://tempuri.org">gml:name</gml:name>
                          <gml:pos axisLabels="" srsDimension="1" srsName="http://tempuri.org" uomLabels="">gml:pos</gml:pos>
                          <gml:pos axisLabels="" srsDimension="1" srsName="http://tempuri.org" uomLabels="">gml:pos</gml:pos>
                          <gml:pos axisLabels="" srsDimension="1" srsName="http://tempuri.org" uomLabels="">gml:pos</gml:pos>
                          <gml:pos axisLabels="" srsDimension="1" srsName="http://tempuri.org" uomLabels="">gml:pos</gml:pos>
                          <gml:pos axisLabels="" srsDimension="1" srsName="http://tempuri.org" uomLabels="">gml:pos</gml:pos>
                          <gml:pos axisLabels="" srsDimension="1" srsName="http://tempuri.org" uomLabels="">gml:pos</gml:pos>
                          <gml:pos axisLabels="" srsDimension="1" srsName="http://tempuri.org" uomLabels="">gml:pos</gml:pos>
                          <gml:pos axisLabels="" srsDimension="1" srsName="http://tempuri.org" uomLabels="">gml:pos</gml:pos>
                          <gml:pos axisLabels="" srsDimension="1" srsName="http://tempuri.org" uomLabels="">gml:pos</gml:pos>
                          <gml:pos axisLabels="" srsDimension="1" srsName="http://tempuri.org" uomLabels="">gml:pos</gml:pos>
                          <gml:pos axisLabels="" srsDimension="1" srsName="http://tempuri.org" uomLabels="">gml:pos</gml:pos>
                          <gml:pos axisLabels="" srsDimension="1" srsName="http://tempuri.org" uomLabels="">gml:pos</gml:pos>
                          <gml:pos axisLabels="" srsDimension="1" srsName="http://tempuri.org" uomLabels="">gml:pos</gml:pos>
                          <gml:pos axisLabels="" srsDimension="1" srsName="http://tempuri.org" uomLabels="">gml:pos</gml:pos>
                          <gml:pos axisLabels="" srsDimension="1" srsName="http://tempuri.org" uomLabels="">gml:pos</gml:pos>
                          <gml:pos axisLabels="" srsDimension="1" srsName="http://tempuri.org" uomLabels="">gml:pos</gml:pos>
                        </gml:LinearRing>
                      </gml:exterior>
                      <gml:interior>
                        <gml:LinearRing axisLabels="" gid="" gml:id="idvalue19" srsDimension="1" srsName="http://tempuri.org" uomLabels="">
                          <gml:metaDataProperty about="http://tempuri.org" gml:remoteSchema="http://tempuri.org" xlink:actuate="onLoad" xlink:arcrole="http://tempuri.org" xlink:href="http://tempuri.org" xlink:role="http://tempuri.org" xlink:show="new" xlink:title="" xlink:type="simple">
                            <gml:name codeSpace="http://tempuri.org">gml:name</gml:name>
                          </gml:metaDataProperty>
                          <gml:description gml:remoteSchema="http://tempuri.org" xlink:actuate="onLoad" xlink:arcrole="http://tempuri.org" xlink:href="http://tempuri.org" xlink:role="http://tempuri.org" xlink:show="new" xlink:title="" xlink:type="simple">gml:description</gml:description>
                          <gml:name codeSpace="http://tempuri.org">gml:name</gml:name>
                          <gml:pos axisLabels="" srsDimension="1" srsName="http://tempuri.org" uomLabels="">gml:pos</gml:pos>
                          <gml:pos axisLabels="" srsDimension="1" srsName="http://tempuri.org" uomLabels="">gml:pos</gml:pos>
                          <gml:pos axisLabels="" srsDimension="1" srsName="http://tempuri.org" uomLabels="">gml:pos</gml:pos>
                          <gml:pos axisLabels="" srsDimension="1" srsName="http://tempuri.org" uomLabels="">gml:pos</gml:pos>
                          <gml:pos axisLabels="" srsDimension="1" srsName="http://tempuri.org" uomLabels="">gml:pos</gml:pos>
                          <gml:pos axisLabels="" srsDimension="1" srsName="http://tempuri.org" uomLabels="">gml:pos</gml:pos>
                          <gml:pos axisLabels="" srsDimension="1" srsName="http://tempuri.org" uomLabels="">gml:pos</gml:pos>
                          <gml:pos axisLabels="" srsDimension="1" srsName="http://tempuri.org" uomLabels="">gml:pos</gml:pos>
                          <gml:pos axisLabels="" srsDimension="1" srsName="http://tempuri.org" uomLabels="">gml:pos</gml:pos>
                          <gml:pos axisLabels="" srsDimension="1" srsName="http://tempuri.org" uomLabels="">gml:pos</gml:pos>
                          <gml:pos axisLabels="" srsDimension="1" srsName="http://tempuri.org" uomLabels="">gml:pos</gml:pos>
                          <gml:pos axisLabels="" srsDimension="1" srsName="http://tempuri.org" uomLabels="">gml:pos</gml:pos>
                          <gml:pos axisLabels="" srsDimension="1" srsName="http://tempuri.org" uomLabels="">gml:pos</gml:pos>
                          <gml:pos axisLabels="" srsDimension="1" srsName="http://tempuri.org" uomLabels="">gml:pos</gml:pos>
                          <gml:pos axisLabels="" srsDimension="1" srsName="http://tempuri.org" uomLabels="">gml:pos</gml:pos>
                          <gml:pos axisLabels="" srsDimension="1" srsName="http://tempuri.org" uomLabels="">gml:pos</gml:pos>
                        </gml:LinearRing>
                      </gml:interior>
                    </gml:Polygon>
                  </lido:gml>
                  <lido:partOfPlace lido:geographicalEntity="" lido:politicalEntity=""/>
                  <lido:placeClassification lido:type="">
                    <lido:conceptID lido:encodinganalog="" lido:label="" lido:pref="" lido:source="" lido:type="">lido:conceptID</lido:conceptID>
                    <lido:term lido:addedSearchTerm="yes" lido:encodinganalog="" lido:label="" lido:lang="EN" lido:pref="">lido:term</lido:term>
                  </lido:placeClassification>
                </lido:place>
              </lido:subjectPlace>
              <lido:subjectObject lido:sortorder="0">
                <lido:displayObject lido:encodinganalog="" lido:label="" lido:lang="EN">lido:displayObject</lido:displayObject>
                <lido:object>
                  <lido:objectWebResource lido:encodinganalog="" lido:formatResource="" lido:label="" lido:lang="EN" lido:pref="">lido:objectWebResource</lido:objectWebResource>
                  <lido:objectID lido:encodinganalog="" lido:label="" lido:pref="" lido:source="" lido:type="">lido:objectID</lido:objectID>
                  <lido:objectNote lido:encodinganalog="" lido:label="" lido:lang="EN" lido:type="">lido:objectNote</lido:objectNote>
                </lido:object>
              </lido:subjectObject>
            </lido:subject>
          </lido:subjectSet>
        </lido:subjectWrap>
        <lido:relatedWorksWrap>
          <lido:relatedWorkSet lido:sortorder="0">
            <lido:relatedWork>
              <lido:displayObject lido:encodinganalog="" lido:label="" lido:lang="EN">lido:displayObject</lido:displayObject>
              <lido:object>
                <lido:objectWebResource lido:encodinganalog="" lido:formatResource="" lido:label="" lido:lang="EN" lido:pref="">lido:objectWebResource</lido:objectWebResource>
                <lido:objectID lido:encodinganalog="" lido:label="" lido:pref="" lido:source="" lido:type="">lido:objectID</lido:objectID>
                <lido:objectNote lido:encodinganalog="" lido:label="" lido:lang="EN" lido:type="">lido:objectNote</lido:objectNote>
              </lido:object>
            </lido:relatedWork>
            <lido:relatedWorkRelType>
              <lido:conceptID lido:encodinganalog="" lido:label="" lido:pref="" lido:source="" lido:type="">lido:conceptID</lido:conceptID>
              <lido:term lido:addedSearchTerm="yes" lido:encodinganalog="" lido:label="" lido:lang="EN" lido:pref="">lido:term</lido:term>
            </lido:relatedWorkRelType>
          </lido:relatedWorkSet>
        </lido:relatedWorksWrap>
      </lido:objectRelationWrap>
    </lido:descriptiveMetadata>
    <lido:administrativeMetadata lido:lang="EN">
      <lido:rightsWorkWrap>
        <lido:rightsWorkSet lido:sortorder="0">
          <lido:rightsType>
            <lido:conceptID lido:encodinganalog="" lido:label="" lido:pref="" lido:source="" lido:type="">lido:conceptID</lido:conceptID>
            <lido:term lido:addedSearchTerm="yes" lido:encodinganalog="" lido:label="" lido:lang="EN" lido:pref="">lido:term</lido:term>
          </lido:rightsType>
          <lido:rightsDate>
            <lido:earliestDate lido:encodinganalog="" lido:label="" lido:source="" lido:type="">lido:earliestDate</lido:earliestDate>
            <lido:latestDate lido:encodinganalog="" lido:label="" lido:source="" lido:type="">lido:latestDate</lido:latestDate>
          </lido:rightsDate>
          <lido:rightsHolder lido:sortorder="0">
            <lido:legalBodyID lido:encodinganalog="" lido:label="" lido:pref="" lido:source="" lido:type="">lido:legalBodyID</lido:legalBodyID>
            <lido:legalBodyName>
              <lido:appellationValue lido:encodinganalog="" lido:label="" lido:lang="EN" lido:pref="">lido:appellationValue</lido:appellationValue>
              <lido:sourceAppellation lido:encodinganalog="" lido:label="" lido:lang="EN">lido:sourceAppellation</lido:sourceAppellation>
            </lido:legalBodyName>
            <lido:legalBodyWeblink lido:encodinganalog="" lido:formatResource="" lido:label="" lido:lang="EN" lido:pref="">lido:legalBodyWeblink</lido:legalBodyWeblink>
          </lido:rightsHolder>
          <lido:creditLine lido:encodinganalog="" lido:label="" lido:lang="EN">lido:creditLine</lido:creditLine>
        </lido:rightsWorkSet>
      </lido:rightsWorkWrap>
      <lido:recordWrap>
        <lido:recordID lido:encodinganalog="" lido:label="" lido:pref="" lido:source="" lido:type="">lido:recordID</lido:recordID>
        <lido:recordType>
          <lido:conceptID lido:encodinganalog="" lido:label="" lido:pref="" lido:source="" lido:type="">lido:conceptID</lido:conceptID>
          <lido:term lido:addedSearchTerm="yes" lido:encodinganalog="" lido:label="" lido:lang="EN" lido:pref="">lido:term</lido:term>
        </lido:recordType>
        <lido:recordSource lido:sortorder="0" lido:type="">
          <lido:legalBodyID lido:encodinganalog="" lido:label="" lido:pref="" lido:source="" lido:type="">lido:legalBodyID</lido:legalBodyID>
          <lido:legalBodyName>
            <lido:appellationValue lido:encodinganalog="" lido:label="" lido:lang="EN" lido:pref="">lido:appellationValue</lido:appellationValue>
            <lido:sourceAppellation lido:encodinganalog="" lido:label="" lido:lang="EN">lido:sourceAppellation</lido:sourceAppellation>
          </lido:legalBodyName>
          <lido:legalBodyWeblink lido:encodinganalog="" lido:formatResource="" lido:label="" lido:lang="EN" lido:pref="">lido:legalBodyWeblink</lido:legalBodyWeblink>
        </lido:recordSource>
        <lido:recordRights lido:sortorder="0">
          <lido:rightsType>
            <lido:conceptID lido:encodinganalog="" lido:label="" lido:pref="" lido:source="" lido:type="">lido:conceptID</lido:conceptID>
            <lido:term lido:addedSearchTerm="yes" lido:encodinganalog="" lido:label="" lido:lang="EN" lido:pref="">lido:term</lido:term>
          </lido:rightsType>
          <lido:rightsDate>
            <lido:earliestDate lido:encodinganalog="" lido:label="" lido:source="" lido:type="">lido:earliestDate</lido:earliestDate>
            <lido:latestDate lido:encodinganalog="" lido:label="" lido:source="" lido:type="">lido:latestDate</lido:latestDate>
          </lido:rightsDate>
          <lido:rightsHolder lido:sortorder="0">
            <lido:legalBodyID lido:encodinganalog="" lido:label="" lido:pref="" lido:source="" lido:type="">lido:legalBodyID</lido:legalBodyID>
            <lido:legalBodyName>
              <lido:appellationValue lido:encodinganalog="" lido:label="" lido:lang="EN" lido:pref="">lido:appellationValue</lido:appellationValue>
              <lido:sourceAppellation lido:encodinganalog="" lido:label="" lido:lang="EN">lido:sourceAppellation</lido:sourceAppellation>
            </lido:legalBodyName>
            <lido:legalBodyWeblink lido:encodinganalog="" lido:formatResource="" lido:label="" lido:lang="EN" lido:pref="">lido:legalBodyWeblink</lido:legalBodyWeblink>
          </lido:rightsHolder>
          <lido:creditLine lido:encodinganalog="" lido:label="" lido:lang="EN">lido:creditLine</lido:creditLine>
        </lido:recordRights>
        <lido:recordInfoSet lido:type="">
          <lido:recordInfoID lido:encodinganalog="" lido:label="" lido:pref="" lido:source="" lido:type="">lido:recordInfoID</lido:recordInfoID>
          <lido:recordInfoLink lido:encodinganalog="" lido:formatResource="" lido:label="" lido:lang="EN" lido:pref="">lido:recordInfoLink</lido:recordInfoLink>
          <lido:recordMetadataDate lido:encodinganalog="" lido:label="" lido:lang="EN" lido:source="" lido:type="">lido:recordMetadataDate</lido:recordMetadataDate>
        </lido:recordInfoSet>
      </lido:recordWrap>
      <lido:resourceWrap>
        <lido:resourceSet lido:sortorder="0">
          <lido:resourceID lido:encodinganalog="" lido:label="" lido:pref="" lido:source="" lido:type="">lido:resourceID</lido:resourceID>
          <lido:resourceRepresentation lido:type="">
            <lido:linkResource lido:codecResource="" lido:encodinganalog="" lido:formatResource="" lido:label="" lido:lang="EN" lido:pref="">lido:linkResource</lido:linkResource>
            <lido:resourceMeasurementsSet>
              <lido:measurementType lido:encodinganalog="" lido:label="" lido:lang="EN">lido:measurementType</lido:measurementType>
              <lido:measurementUnit lido:encodinganalog="" lido:label="" lido:lang="EN">lido:measurementUnit</lido:measurementUnit>
              <lido:measurementValue lido:encodinganalog="" lido:label="" lido:lang="EN">lido:measurementValue</lido:measurementValue>
            </lido:resourceMeasurementsSet>
          </lido:resourceRepresentation>
          <lido:resourceType>
            <lido:conceptID lido:encodinganalog="" lido:label="" lido:pref="" lido:source="" lido:type="">lido:conceptID</lido:conceptID>
            <lido:term lido:addedSearchTerm="yes" lido:encodinganalog="" lido:label="" lido:lang="EN" lido:pref="">lido:term</lido:term>
          </lido:resourceType>
          <lido:resourceRelType>
            <lido:conceptID lido:encodinganalog="" lido:label="" lido:pref="" lido:source="" lido:type="">lido:conceptID</lido:conceptID>
            <lido:term lido:addedSearchTerm="yes" lido:encodinganalog="" lido:label="" lido:lang="EN" lido:pref="">lido:term</lido:term>
          </lido:resourceRelType>
          <lido:resourcePerspective>
            <lido:conceptID lido:encodinganalog="" lido:label="" lido:pref="" lido:source="" lido:type="">lido:conceptID</lido:conceptID>
            <lido:term lido:addedSearchTerm="yes" lido:encodinganalog="" lido:label="" lido:lang="EN" lido:pref="">lido:term</lido:term>
          </lido:resourcePerspective>
          <lido:resourceDescription lido:encodinganalog="" lido:label="" lido:lang="EN" lido:sortorder="0" lido:type="">lido:resourceDescription</lido:resourceDescription>
          <lido:resourceDateTaken>
            <lido:displayDate lido:encodinganalog="" lido:label="" lido:lang="EN">lido:displayDate</lido:displayDate>
            <lido:date>
              <lido:earliestDate lido:encodinganalog="" lido:label="" lido:source="" lido:type="">lido:earliestDate</lido:earliestDate>
              <lido:latestDate lido:encodinganalog="" lido:label="" lido:source="" lido:type="">lido:latestDate</lido:latestDate>
            </lido:date>
          </lido:resourceDateTaken>
          <lido:resourceSource lido:sortorder="0" lido:type="">
            <lido:legalBodyID lido:encodinganalog="" lido:label="" lido:pref="" lido:source="" lido:type="">lido:legalBodyID</lido:legalBodyID>
            <lido:legalBodyName>
              <lido:appellationValue lido:encodinganalog="" lido:label="" lido:lang="EN" lido:pref="">lido:appellationValue</lido:appellationValue>
              <lido:sourceAppellation lido:encodinganalog="" lido:label="" lido:lang="EN">lido:sourceAppellation</lido:sourceAppellation>
            </lido:legalBodyName>
            <lido:legalBodyWeblink lido:encodinganalog="" lido:formatResource="" lido:label="" lido:lang="EN" lido:pref="">lido:legalBodyWeblink</lido:legalBodyWeblink>
          </lido:resourceSource>
          <lido:rightsResource lido:sortorder="0">
            <lido:rightsType>
              <lido:conceptID lido:encodinganalog="" lido:label="" lido:pref="" lido:source="" lido:type="">lido:conceptID</lido:conceptID>
              <lido:term lido:addedSearchTerm="yes" lido:encodinganalog="" lido:label="" lido:lang="EN" lido:pref="">lido:term</lido:term>
            </lido:rightsType>
            <lido:rightsDate>
              <lido:earliestDate lido:encodinganalog="" lido:label="" lido:source="" lido:type="">lido:earliestDate</lido:earliestDate>
              <lido:latestDate lido:encodinganalog="" lido:label="" lido:source="" lido:type="">lido:latestDate</lido:latestDate>
            </lido:rightsDate>
            <lido:rightsHolder lido:sortorder="0">
              <lido:legalBodyID lido:encodinganalog="" lido:label="" lido:pref="" lido:source="" lido:type="">lido:legalBodyID</lido:legalBodyID>
              <lido:legalBodyName>
                <lido:appellationValue lido:encodinganalog="" lido:label="" lido:lang="EN" lido:pref="">lido:appellationValue</lido:appellationValue>
                <lido:sourceAppellation lido:encodinganalog="" lido:label="" lido:lang="EN">lido:sourceAppellation</lido:sourceAppellation>
              </lido:legalBodyName>
              <lido:legalBodyWeblink lido:encodinganalog="" lido:formatResource="" lido:label="" lido:lang="EN" lido:pref="">lido:legalBodyWeblink</lido:legalBodyWeblink>
            </lido:rightsHolder>
            <lido:creditLine lido:encodinganalog="" lido:label="" lido:lang="EN">lido:creditLine</lido:creditLine>
          </lido:rightsResource>
        </lido:resourceSet>
      </lido:resourceWrap>
    </lido:administrativeMetadata>
  </lido:lido>
</lido:lidoWrap>
